aov,total_revenue,repeat_purchaser_pct,total_orders
64.09239010989012,46659.26,37.901498929336185,728
